{"v":"5.5.8","fr":29.9700012207031,"ip":0,"op":101.000004113814,"w":600,"h":240,"nm":"Comp 1","ddd":0,"assets":[{"id":"image_0","w":104,"h":208,"u":"images/","p":"img_0.png","e":0}],"layers":[{"ddd":0,"ind":2,"ty":2,"nm":"手機.png","cl":"png","refId":"image_0","sr":1,"ks":{"o":{"a":0,"k":100,"ix":11},"r":{"a":0,"k":0,"ix":10},"p":{"a":1,"k":[{"i":{"x":0.501,"y":1},"o":{"x":0.496,"y":0},"t":5,"s":[111,120,0],"to":[63.5,0,0],"ti":[0,0,0]},{"i":{"x":0.497,"y":1},"o":{"x":0.506,"y":0},"t":45,"s":[492,120,0],"to":[0,0,0],"ti":[63.5,0,0]},{"t":85.000003462121,"s":[111,120,0]}],"ix":2},"a":{"a":0,"k":[52,104,0],"ix":1},"s":{"a":1,"k":[{"i":{"x":[0.833,0.833,0.833],"y":[0.833,0.833,0.833]},"o":{"x":[0.167,0.167,0.167],"y":[0.167,0.167,0.167]},"t":5,"s":[100,100,100]},{"i":{"x":[0.833,0.833,0.833],"y":[0.833,0.833,0.833]},"o":{"x":[0.167,0.167,0.167],"y":[0.167,0.167,0.167]},"t":25,"s":[96,96,100]},{"i":{"x":[0.833,0.833,0.833],"y":[0.833,0.833,0.833]},"o":{"x":[0.167,0.167,0.167],"y":[0.167,0.167,0.167]},"t":45,"s":[100,100,100]},{"i":{"x":[0.833,0.833,0.833],"y":[0.833,0.833,0.833]},"o":{"x":[0.167,0.167,0.167],"y":[0.167,0.167,0.167]},"t":65,"s":[96,96,100]},{"t":85.000003462121,"s":[100,100,100]}],"ix":6}},"ao":0,"ef":[{"ty":5,"nm":"Bezier Warp","np":15,"mn":"ADBE BEZMESH","ix":1,"en":1,"ef":[{"ty":3,"nm":"Top Left Vertex","mn":"ADBE BEZMESH-0001","ix":1,"v":{"a":1,"k":[{"i":{"x":0.833,"y":0.833},"o":{"x":0.167,"y":0.167},"t":5,"s":[0,-2],"to":[0,0.333],"ti":[0,-1]},{"i":{"x":0.833,"y":0.833},"o":{"x":0.167,"y":0.167},"t":25,"s":[0,0],"to":[0,1],"ti":[0,0]},{"i":{"x":0.833,"y":0.833},"o":{"x":0.167,"y":0.167},"t":45,"s":[0,4],"to":[0,0],"ti":[0,1]},{"i":{"x":0.833,"y":0.833},"o":{"x":0.167,"y":0.167},"t":65,"s":[0,0],"to":[0,-1],"ti":[0,0.333]},{"t":85.000003462121,"s":[0,-2]}],"ix":1}},{"ty":3,"nm":"Top Left Tangent","mn":"ADBE BEZMESH-0002","ix":2,"v":{"a":1,"k":[{"i":{"x":0.833,"y":0.833},"o":{"x":0.167,"y":0.167},"t":5,"s":[34.663,-1],"to":[0,0.167],"ti":[0,-0.333]},{"i":{"x":0.833,"y":0.833},"o":{"x":0.167,"y":0.167},"t":25,"s":[34.663,0],"to":[0,0.333],"ti":[0,0]},{"i":{"x":0.833,"y":0.833},"o":{"x":0.167,"y":0.167},"t":45,"s":[34.663,1],"to":[0,0],"ti":[0,0.333]},{"i":{"x":0.833,"y":0.833},"o":{"x":0.167,"y":0.167},"t":65,"s":[34.663,0],"to":[0,-0.333],"ti":[0,0.167]},{"t":85.000003462121,"s":[34.663,-1]}],"ix":2}},{"ty":3,"nm":"Top Right Tangent","mn":"ADBE BEZMESH-0003","ix":3,"v":{"a":1,"k":[{"i":{"x":0.833,"y":0.833},"o":{"x":0.167,"y":0.167},"t":5,"s":[69.326,2],"to":[0,-0.333],"ti":[0,0.5]},{"i":{"x":0.833,"y":0.833},"o":{"x":0.167,"y":0.167},"t":25,"s":[69.326,0],"to":[0,-0.5],"ti":[0,0]},{"i":{"x":0.833,"y":0.833},"o":{"x":0.167,"y":0.167},"t":45,"s":[69.326,-1],"to":[0,0],"ti":[0,-0.5]},{"i":{"x":0.833,"y":0.833},"o":{"x":0.167,"y":0.167},"t":65,"s":[69.326,0],"to":[0,0.5],"ti":[0,-0.333]},{"t":85.000003462121,"s":[69.326,2]}],"ix":3}},{"ty":3,"nm":"Right Top Vertex","mn":"ADBE BEZMESH-0004","ix":4,"v":{"a":1,"k":[{"i":{"x":0.833,"y":0.833},"o":{"x":0.167,"y":0.167},"t":5,"s":[104,3],"to":[0,-0.5],"ti":[0,1]},{"i":{"x":0.833,"y":0.833},"o":{"x":0.167,"y":0.167},"t":25,"s":[104,0],"to":[0,-1],"ti":[0,0]},{"i":{"x":0.833,"y":0.833},"o":{"x":0.167,"y":0.167},"t":45,"s":[104,-3],"to":[0,0],"ti":[0,-1]},{"i":{"x":0.833,"y":0.833},"o":{"x":0.167,"y":0.167},"t":65,"s":[104,0],"to":[0,1],"ti":[0,-0.5]},{"t":85.000003462121,"s":[104,3]}],"ix":4}},{"ty":3,"nm":"Right Top Tangent","mn":"ADBE BEZMESH-0005","ix":5,"v":{"a":1,"k":[{"i":{"x":0.833,"y":0.833},"o":{"x":0.167,"y":0.167},"t":25,"s":[104,69.326],"to":[0,0],"ti":[0,0]},{"t":65.0000026475043,"s":[104,69.326]}],"ix":5}},{"ty":3,"nm":"Right Bottom Tangent","mn":"ADBE BEZMESH-0006","ix":6,"v":{"a":1,"k":[{"i":{"x":0.833,"y":0.833},"o":{"x":0.167,"y":0.167},"t":25,"s":[104,138.653],"to":[0,0],"ti":[0,0]},{"t":65.0000026475043,"s":[104,138.653]}],"ix":6}},{"ty":3,"nm":"Bottom Right Vertex","mn":"ADBE BEZMESH-0007","ix":7,"v":{"a":1,"k":[{"i":{"x":0.833,"y":0.833},"o":{"x":0.167,"y":0.167},"t":5,"s":[104,205],"to":[0,0.5],"ti":[0,-0.833]},{"i":{"x":0.833,"y":0.833},"o":{"x":0.167,"y":0.167},"t":25,"s":[104,208],"to":[0,0],"ti":[0,0]},{"i":{"x":0.833,"y":0.833},"o":{"x":0.167,"y":0.167},"t":45,"s":[104,210],"to":[0,0],"ti":[0,0]},{"i":{"x":0.833,"y":0.833},"o":{"x":0.167,"y":0.167},"t":65,"s":[104,208],"to":[0,-0.833],"ti":[0,0.5]},{"t":85.000003462121,"s":[104,205]}],"ix":7}},{"ty":3,"nm":"Bottom Right Tangent","mn":"ADBE BEZMESH-0008","ix":8,"v":{"a":1,"k":[{"i":{"x":0.833,"y":0.833},"o":{"x":0.167,"y":0.167},"t":5,"s":[69.326,206],"to":[0,0.333],"ti":[0,-0.5]},{"i":{"x":0.833,"y":0.833},"o":{"x":0.167,"y":0.167},"t":25,"s":[69.326,208],"to":[0,0],"ti":[0,0]},{"i":{"x":0.833,"y":0.833},"o":{"x":0.167,"y":0.167},"t":45,"s":[69.326,208],"to":[0,0],"ti":[0,0]},{"i":{"x":0.833,"y":0.833},"o":{"x":0.167,"y":0.167},"t":65,"s":[69.326,208],"to":[0,-0.5],"ti":[0,0.333]},{"t":85.000003462121,"s":[69.326,206]}],"ix":8}},{"ty":3,"nm":"Bottom Left Tangent","mn":"ADBE BEZMESH-0009","ix":9,"v":{"a":1,"k":[{"i":{"x":0.833,"y":0.833},"o":{"x":0.167,"y":0.167},"t":5,"s":[34.663,208],"to":[0,0],"ti":[0,0]},{"i":{"x":0.833,"y":0.833},"o":{"x":0.167,"y":0.167},"t":25,"s":[34.663,208],"to":[0,0],"ti":[0,0]},{"i":{"x":0.833,"y":0.833},"o":{"x":0.167,"y":0.167},"t":45,"s":[34.663,206],"to":[0,0],"ti":[0,0]},{"i":{"x":0.833,"y":0.833},"o":{"x":0.167,"y":0.167},"t":65,"s":[34.663,208],"to":[0,0],"ti":[0,0]},{"t":85.000003462121,"s":[34.663,208]}],"ix":9}},{"ty":3,"nm":"Left Bottom Vertex","mn":"ADBE BEZMESH-0010","ix":10,"v":{"a":1,"k":[{"i":{"x":0.833,"y":0.833},"o":{"x":0.167,"y":0.167},"t":5,"s":[0,209],"to":[0,-0.167],"ti":[0,0.167]},{"i":{"x":0.833,"y":0.833},"o":{"x":0.167,"y":0.167},"t":25,"s":[0,208],"to":[0,0],"ti":[0,0]},{"i":{"x":0.833,"y":0.833},"o":{"x":0.167,"y":0.167},"t":45,"s":[0,203],"to":[0,0],"ti":[0,0]},{"i":{"x":0.833,"y":0.833},"o":{"x":0.167,"y":0.167},"t":65,"s":[0,208],"to":[0,0.167],"ti":[0,-0.167]},{"t":85.000003462121,"s":[0,209]}],"ix":10}},{"ty":3,"nm":"Left Bottom Tangent","mn":"ADBE BEZMESH-0011","ix":11,"v":{"a":1,"k":[{"i":{"x":0.833,"y":0.833},"o":{"x":0.167,"y":0.167},"t":25,"s":[0,138.653],"to":[0,0],"ti":[0,0]},{"t":65.0000026475043,"s":[0,138.653]}],"ix":11}},{"ty":3,"nm":"Left Top Tangent","mn":"ADBE BEZMESH-0012","ix":12,"v":{"a":1,"k":[{"i":{"x":0.833,"y":0.833},"o":{"x":0.167,"y":0.167},"t":25,"s":[0,69.326],"to":[0,0],"ti":[0,0]},{"t":65.0000026475043,"s":[0,69.326]}],"ix":12}},{"ty":0,"nm":"Quality","mn":"ADBE BEZMESH-0014","ix":13,"v":{"a":0,"k":8,"ix":13}}]}],"ip":0,"op":900.000036657751,"st":0,"bm":0}],"markers":[]}